Career,Required_Skills
Frontend Developer,"HTML,CSS,JavaScript,React,Git,Responsive Design"
Backend Developer,"Java,Python,Node.js,SQL,APIs,Git"
Full Stack Developer,"HTML,CSS,JavaScript,React,Node.js,SQL"
AI Engineer,"Python,Machine Learning,Deep Learning,NLP,TensorFlow,PyTorch"
Data Scientist,"Python,R,Statistics,Machine Learning,Pandas,NumPy"
Data Analyst,"Excel,SQL,Python,Tableau,Power BI,Statistics"
Machine Learning Engineer,"Python,TensorFlow,PyTorch,ML Algorithms,Data Processing"
Business Analyst,"Excel,SQL,Power BI,Communication,Problem Solving"
UI/UX Designer,"Figma,Adobe XD,Wireframing,Prototyping,Design Thinking"
Mobile App Developer,"Java,Kotlin,Swift,Flutter,React Native,Git"
Cybersecurity Analyst,"Network Security,Python,Ethical Hacking,Firewalls,Risk Assessment"
Cloud Engineer,"AWS,Azure,GCP,Docker,Kubernetes,Networking"
DevOps Engineer,"Jenkins,Docker,Kubernetes,Linux,Git,CI/CD"
Software Tester,"Selenium,Java,Python,Manual Testing,Automation Testing"
Game Developer,"C++,Unity,Unreal Engine,3D Modeling,Animation"
Blockchain Developer,"Solidity,Ethereum,Smart Contracts,Web3.js,Cryptography"
IoT Developer,"Python,Arduino,Raspberry Pi,Sensors,Networking"
Embedded Systems Engineer,"C,C++,Microcontrollers,Electronics,RTOS"
Robotics Engineer,"Python,ROS,Sensors,Electronics,Machine Learning"
SEO Specialist,"Google Analytics,Keyword Research,SEO Tools,HTML,Content Strategy"
Digital Marketer,"SEO,Social Media,Google Ads,Content Marketing,Analytics"
Content Writer,"SEO,Grammarly,Research,Creativity,Blogging"
Graphic Designer,"Photoshop,Illustrator,CorelDraw,Creativity,Typography"
Animator,"After Effects,Blender,3D Modeling,Storyboarding,Creativity"
Video Editor,"Premiere Pro,After Effects,Final Cut,Storytelling,Creativity"
Social Media Manager,"Content Creation,Analytics,SEO,Communication,Scheduling Tools"
Product Manager,"Agile,Jira,Communication,Roadmap Planning,UX Knowledge"
Project Manager,"MS Project,Agile,Communication,Risk Management,Leadership"
Network Engineer,"Networking,Cisco,Troubleshooting,Firewalls,Security"
System Administrator,"Linux,Windows Server,Networking,Troubleshooting,Security"
IT Support Specialist,"Troubleshooting,Communication,Windows,Networking,Ticketing Systems"
Cloud Architect,"AWS,Azure,GCP,Cloud Security,Architecture Design"
Cybersecurity Engineer,"Ethical Hacking,Network Security,Python,Penetration Testing"
Data Engineer,"Python,SQL,ETL,Big Data,Spark"
AI Researcher,"Python,Machine Learning,Deep Learning,Research,Mathematics"
Computer Vision Engineer,"Python,OpenCV,TensorFlow,Deep Learning,Image Processing"
NLP Engineer,"Python,NLP,Machine Learning,Transformers,Text Analysis"
Database Administrator,"SQL,Oracle,MySQL,Performance Tuning,Backup & Recovery"
SAP Consultant,"SAP Modules,ERP,Finance,Supply Chain,Customization"
CRM Specialist,"Salesforce,Zoho,HubSpot,Communication,Customer Data Management"
Ethical Hacker,"Python,Kali Linux,Penetration Testing,Networking,Security"
QA Analyst,"Manual Testing,Automation Testing,Selenium,Jira,Test Cases"
Game Designer,"Creativity,Unity,Storyboarding,C#,Animation"
AR/VR Developer,"Unity,C#,3D Modeling,Blender,VR/AR SDK"
IoT Security Expert,"Networking,Python,Security,Sensors,Embedded Systems"
Mobile Game Developer,"Unity,C#,Animation,Storytelling,Monetization"
Voice UI Designer,"Speech Recognition,UX Design,Python,AI,Prototyping"
Penetration Tester,"Ethical Hacking,Networking,Python,Security Tools,Reporting"
Digital Illustrator,"Photoshop,Illustrator,Drawing,Creativity,Typography"
3D Modeler,"Blender,Maya,3D Modeling,Texturing,Animation"
Hardware Engineer,"Electronics,PCB Design,Microcontrollers,Testing,Troubleshooting"
Firmware Engineer,"C,C++,Embedded Systems,Debugging,RTOS"
IT Auditor,"Compliance,Risk Assessment,IT Controls,Security,Networking"
SEO Analyst,"Google Analytics,Keywords,SEO Tools,Content Optimization"
Marketing Analyst,"Excel,SQL,Tableau,Analytics,Communication"
Brand Manager,"Marketing,Creativity,Communication,Research,Strategy"
UX Researcher,"Figma,User Testing,Surveys,Research,Analysis"
UI Designer,"Figma,Adobe XD,Prototyping,Creativity,Interaction Design"
E-commerce Manager,"Shopify,WooCommerce,SEO,Analytics,Marketing"
Affiliate Marketer,"SEO,Marketing,Analytics,Communication,Tools"
Technical Writer,"Writing,Research,Documentation,Communication,Tools"
Blog Writer,"SEO,Writing,Research,Creativity,WordPress"
Copywriter,"Writing,Creativity,Marketing,Communication,Advertising"
Email Marketer,"Email Tools,Copywriting,Analytics,Segmentation,Campaign Management"
Influencer Marketing Specialist,"Social Media,SEO,Communication,Analytics,Collaboration"
UX Strategist,"UX Design,Research,Figma,Problem Solving,Analytics"
Web Analyst,"Google Analytics,SEO,Data Analysis,SQL,Reporting"
Performance Marketing Specialist,"Google Ads,Analytics,SEO,Marketing,Campaigns"
Content Strategist,"Writing,SEO,Research,Planning,Marketing"
Conversion Rate Optimizer,"Analytics,UX,A/B Testing,SEO,Marketing"
AI Product Manager,"AI Concepts,ML,Roadmaps,Communication,Product Design"
Robotics Programmer,"Python,ROS,C++,Electronics,Sensors"
Embedded Firmware Developer,"C,C++,Embedded Systems,Electronics,RTOS"
Big Data Engineer,"Hadoop,Spark,SQL,Python,Data Pipelines"
Data Architect,"SQL,Data Modeling,Python,ETL,Big Data Tools"
Statistician,"Statistics,R,Excel,Data Analysis,Probability"
Operations Analyst,"Excel,SQL,Analytics,Problem Solving,Reporting"
Financial Analyst,"Excel,Finance,Accounting,Analytics,Modeling"
Investment Analyst,"Finance,Excel,Research,Modeling,Analysis"
Actuary,"Statistics,Excel,Risk Analysis,Probability,Modeling"
Risk Analyst,"Risk Management,Excel,Analytics,Finance,Reporting"
Insurance Analyst,"Insurance Knowledge,Excel,Analytics,Reporting,Communication"
Healthcare Analyst,"Excel,SQL,Healthcare Data,Analytics,Reporting"
Clinical Data Analyst,"SQL,Excel,Healthcare,Analytics,Reporting"
Pharmacovigilance Specialist,"Clinical Knowledge,Reporting,Excel,Analytics,Compliance"
Bioinformatics Specialist,"Python,R,Genetics,Statistics,Data Analysis"
Chemist Analyst,"Chemistry Knowledge,Lab Work,Excel,Reporting,Analysis"
Lab Technician,"Lab Skills,Safety,Reporting,Testing,Documentation"
Supply Chain Analyst,"Excel,SQL,Analytics,Logistics,Reporting"
Procurement Analyst,"Excel,Analytics,Negotiation,Supply Chain,Reporting"
Logistics Manager,"Logistics,Planning,Excel,Analytics,Coordination"
Operations Manager,"Planning,Coordination,Analytics,Communication,Problem Solving"
HR Specialist,"Recruitment,HR Tools,Communication,Payroll,Policies"
HR Manager,"HR Policies,Recruitment,Payroll,Communication,Leadership"
Talent Acquisition Specialist,"Recruitment,Sourcing,Communication,Analytics,Interviewing"
Learning & Development Specialist,"Training,Communication,Planning,Content Creation,Analytics"
Career Counselor,"Counseling,Communication,Psychology,Planning,Guidance"
Teacher,"Subject Knowledge,Communication,Teaching Skills,Planning,Patience"
Professor,"Subject Expertise,Research,Teaching,Communication,Mentoring"
Entrepreneur,"Business Knowledge,Marketing,Finance,Leadership,Risk-Taking"
